model,mse
PLS,0.0004101700924927619
Ridge,0.00041017377635377175
PCR,0.0004101737763537782
Lasso,0.00041172763242013267
